{
    "volume": -15.52506160736084,
    "sound": -18.38836669921875
}